"","Class: 1","Class: 2","Class: 3","Class: 4","Class: 5","Class: 6","Class: 7"
"Sensitivity",0.6875,0.55188679245283,0.597457627118644,0.927659574468085,0.876190476190476,0.686695278969957,0.910891089108911
"Specificity",0.951807228915663,0.960244648318043,0.952492211838006,0.959533073929961,0.959541984732824,0.934731934731935,0.986342943854325
"Pos Pred Value",0.673469387755102,0.692307692307692,0.698019801980198,0.807407407407408,0.776371308016878,0.655737704918033,0.910891089108911
"Neg Pred Value",0.954682779456193,0.929681717246484,0.927921092564492,0.9864,0.979734996102884,0.942789968652038,0.986342943854325
"Prevalence",0.126315789473684,0.139473684210526,0.155263157894737,0.154605263157895,0.138157894736842,0.153289473684211,0.132894736842105
"Detection Rate",0.0868421052631579,0.0769736842105263,0.0927631578947368,0.143421052631579,0.121052631578947,0.105263157894737,0.121052631578947
"Detection Prevalence",0.128947368421053,0.111184210526316,0.132894736842105,0.177631578947368,0.155921052631579,0.160526315789474,0.132894736842105
"Balanced Accuracy",0.819653614457831,0.756065720385437,0.774974919478325,0.943596324199023,0.91786623046165,0.810713606850946,0.948617016481618
