"","Class: 1","Class: 2","Class: 3","Class: 4","Class: 5","Class: 6","Class: 7"
"Sensitivity",0.807291666666667,0.69811320754717,0.73728813559322,0.936170212765957,0.947619047619048,0.828326180257511,0.940594059405941
"Specificity",0.96460843373494,0.960244648318043,0.967289719626168,0.986770428015564,0.984732824427481,0.958041958041958,0.993171471927162
"Pos Pred Value",0.767326732673267,0.74,0.805555555555556,0.928270042194093,0.908675799086758,0.781376518218623,0.954773869346734
"Neg Pred Value",0.971927162367223,0.951515151515152,0.952453987730061,0.988308651597818,0.991544965411222,0.968578161822467,0.990915972747918
"Prevalence",0.126315789473684,0.139473684210526,0.155263157894737,0.154605263157895,0.138157894736842,0.153289473684211,0.132894736842105
"Detection Rate",0.101973684210526,0.0973684210526316,0.114473684210526,0.144736842105263,0.130921052631579,0.126973684210526,0.125
"Detection Prevalence",0.132894736842105,0.131578947368421,0.142105263157895,0.155921052631579,0.144078947368421,0.1625,0.130921052631579
"Balanced Accuracy",0.885950050200803,0.829178927932606,0.852288927609694,0.961470320390761,0.966175936023264,0.893184069149734,0.966882765666552
