"","Class: 1","Class: 2","Class: 3","Class: 4","Class: 5","Class: 6","Class: 7"
"Sensitivity",0.739583333333333,0.641509433962264,0.652542372881356,0.953191489361702,0.90952380952381,0.789699570815451,0.96039603960396
"Specificity",0.962349397590361,0.968654434250764,0.959501557632399,0.980544747081712,0.973282442748092,0.942501942501943,0.986342943854325
"Pos Pred Value",0.739583333333333,0.768361581920904,0.747572815533981,0.899598393574297,0.845132743362832,0.713178294573644,0.915094339622642
"Neg Pred Value",0.962349397590361,0.943410275502606,0.937595129375951,0.991345397324941,0.98531684698609,0.961172741679873,0.99388379204893
"Prevalence",0.126315789473684,0.139473684210526,0.155263157894737,0.154605263157895,0.138157894736842,0.153289473684211,0.132894736842105
"Detection Rate",0.0934210526315789,0.0894736842105263,0.101315789473684,0.147368421052632,0.125657894736842,0.121052631578947,0.127631578947368
"Detection Prevalence",0.126315789473684,0.116447368421053,0.135526315789474,0.163815789473684,0.148684210526316,0.169736842105263,0.139473684210526
"Balanced Accuracy",0.850966365461847,0.805081934106514,0.806021965256877,0.966868118221707,0.941403126135951,0.866100756658697,0.973369491729143
