"","Class: 1","Class: 2","Class: 3","Class: 4","Class: 5","Class: 6","Class: 7"
"Sensitivity",0.802083333333333,0.688679245283019,0.745762711864407,0.94468085106383,0.952380952380952,0.832618025751073,0.945544554455445
"Specificity",0.962349397590361,0.963302752293578,0.971183800623053,0.987548638132296,0.983206106870229,0.958041958041958,0.992412746585736
"Pos Pred Value",0.754901960784314,0.752577319587629,0.826291079812207,0.932773109243698,0.900900900900901,0.782258064516129,0.950248756218905
"Neg Pred Value",0.97112462006079,0.950226244343891,0.954093343534813,0.989859594383775,0.992295839753467,0.969339622641509,0.991660348749052
"Prevalence",0.126315789473684,0.139473684210526,0.155263157894737,0.154605263157895,0.138157894736842,0.153289473684211,0.132894736842105
"Detection Rate",0.101315789473684,0.0960526315789474,0.115789473684211,0.146052631578947,0.131578947368421,0.127631578947368,0.125657894736842
"Detection Prevalence",0.134210526315789,0.127631578947368,0.140131578947368,0.156578947368421,0.146052631578947,0.163157894736842,0.132236842105263
"Balanced Accuracy",0.882216365461847,0.825990998788298,0.85847325624373,0.966114744598063,0.967793529625591,0.895329991896515,0.968978650520591
