"","Class: 1","Class: 2","Class: 3","Class: 4","Class: 5","Class: 6","Class: 7"
"Sensitivity",0.708333333333333,0.599056603773585,0.61864406779661,0.940425531914894,0.9,0.721030042918455,0.910891089108911
"Specificity",0.953313253012048,0.967889908256881,0.951713395638629,0.969649805447471,0.96412213740458,0.937839937839938,0.987101669195751
"Pos Pred Value",0.686868686868687,0.751479289940828,0.701923076923077,0.85,0.800847457627119,0.67741935483871,0.915422885572139
"Neg Pred Value",0.957639939485628,0.937083641746854,0.93140243902439,0.988888888888889,0.983644859813084,0.948899371069182,0.986353297952995
"Prevalence",0.126315789473684,0.139473684210526,0.155263157894737,0.154605263157895,0.138157894736842,0.153289473684211,0.132894736842105
"Detection Rate",0.0894736842105263,0.0835526315789474,0.0960526315789474,0.145394736842105,0.124342105263158,0.110526315789474,0.121052631578947
"Detection Prevalence",0.130263157894737,0.111184210526316,0.136842105263158,0.171052631578947,0.155263157894737,0.163157894736842,0.132236842105263
"Balanced Accuracy",0.830823293172691,0.783473256015233,0.78517873171762,0.955037668681182,0.93206106870229,0.829434990379196,0.948996379152331
