"","Class: 1","Class: 2","Class: 3","Class: 4","Class: 5","Class: 6","Class: 7"
"Sensitivity",0.661458333333333,0.518867924528302,0.550847457627119,0.906382978723404,0.847619047619048,0.660944206008584,0.896039603960396
"Specificity",0.947289156626506,0.958715596330275,0.948598130841122,0.954863813229572,0.951908396946565,0.93006993006993,0.980273141122914
"Pos Pred Value",0.644670050761421,0.670731707317073,0.663265306122449,0.785977859778598,0.738589211618257,0.631147540983607,0.874396135265701
"Neg Pred Value",0.950869236583522,0.924778761061947,0.919939577039275,0.982385908726982,0.974980453479281,0.938087774294671,0.984006092916984
"Prevalence",0.126315789473684,0.139473684210526,0.155263157894737,0.154605263157895,0.138157894736842,0.153289473684211,0.132894736842105
"Detection Rate",0.0835526315789474,0.0723684210526316,0.0855263157894737,0.140131578947368,0.117105263157895,0.101315789473684,0.119078947368421
"Detection Prevalence",0.129605263157895,0.107894736842105,0.128947368421053,0.178289473684211,0.158552631578947,0.160526315789474,0.136184210526316
"Balanced Accuracy",0.80437374497992,0.738791760429289,0.74972279423412,0.930623395976488,0.899763722282806,0.795507068039257,0.938156372541655
