"","Class: 1","Class: 2","Class: 3","Class: 4","Class: 5","Class: 6","Class: 7"
"Sensitivity",0.817708333333333,0.707547169811321,0.711864406779661,0.931914893617021,0.942857142857143,0.815450643776824,0.935643564356436
"Specificity",0.966867469879518,0.95565749235474,0.966510903426791,0.985992217898833,0.983206106870229,0.956487956487956,0.993930197268589
"Pos Pred Value",0.781094527363184,0.721153846153846,0.796208530805687,0.924050632911393,0.9,0.772357723577236,0.959390862944163
"Neg Pred Value",0.973464746019712,0.952743902439024,0.948051948051948,0.987529228371005,0.990769230769231,0.966248037676609,0.990173847316704
"Prevalence",0.126315789473684,0.139473684210526,0.155263157894737,0.154605263157895,0.138157894736842,0.153289473684211,0.132894736842105
"Detection Rate",0.103289473684211,0.0986842105263158,0.110526315789474,0.144078947368421,0.130263157894737,0.125,0.124342105263158
"Detection Prevalence",0.132236842105263,0.136842105263158,0.138815789473684,0.155921052631579,0.144736842105263,0.161842105263158,0.129605263157895
"Balanced Accuracy",0.892287901606426,0.83160233108303,0.839187655103226,0.958953555757927,0.963031624863686,0.88596930013239,0.964786880812512
