"","Class: 1","Class: 2","Class: 3","Class: 4","Class: 5","Class: 6","Class: 7"
"Sensitivity",0.755208333333333,0.641509433962264,0.665254237288136,0.961702127659574,0.923809523809524,0.819742489270386,0.96039603960396
"Specificity",0.960843373493976,0.969418960244648,0.969626168224299,0.983657587548638,0.973282442748092,0.942501942501943,0.987860394537178
"Pos Pred Value",0.736040609137056,0.772727272727273,0.801020408163265,0.91497975708502,0.847161572052402,0.720754716981132,0.923809523809524
"Neg Pred Value",0.964474678760393,0.943452380952381,0.940332326283988,0.992930086410055,0.987606506584043,0.966533864541833,0.993893129770992
"Prevalence",0.126315789473684,0.139473684210526,0.155263157894737,0.154605263157895,0.138157894736842,0.153289473684211,0.132894736842105
"Detection Rate",0.0953947368421053,0.0894736842105263,0.103289473684211,0.148684210526316,0.127631578947368,0.125657894736842,0.127631578947368
"Detection Prevalence",0.129605263157895,0.115789473684211,0.128947368421053,0.1625,0.150657894736842,0.174342105263158,0.138157894736842
"Balanced Accuracy",0.858025853413655,0.805464197103456,0.817440202756217,0.972679857604106,0.948545983278808,0.881122215886164,0.974128217070569
