"","Class: 1","Class: 2","Class: 3","Class: 4","Class: 5","Class: 6","Class: 7"
"Sensitivity",0.723958333333333,0.641509433962264,0.644067796610169,0.957446808510638,0.9,0.776824034334764,0.95049504950495
"Specificity",0.961596385542169,0.966360856269113,0.956386292834891,0.979766536964981,0.97175572519084,0.941724941724942,0.987101669195751
"Pos Pred Value",0.731578947368421,0.755555555555556,0.730769230769231,0.896414342629482,0.836283185840708,0.70703125,0.91866028708134
"Neg Pred Value",0.96015037593985,0.943283582089552,0.935975609756098,0.992119779353822,0.983771251931994,0.958860759493671,0.992372234935164
"Prevalence",0.126315789473684,0.139473684210526,0.155263157894737,0.154605263157895,0.138157894736842,0.153289473684211,0.132894736842105
"Detection Rate",0.0914473684210526,0.0894736842105263,0.1,0.148026315789474,0.124342105263158,0.119078947368421,0.126315789473684
"Detection Prevalence",0.125,0.118421052631579,0.136842105263158,0.165131578947368,0.148684210526316,0.168421052631579,0.1375
"Balanced Accuracy",0.842777359437751,0.803935145115689,0.80022704472253,0.968606672737809,0.93587786259542,0.859274488029853,0.968798359350351
