"","Class: 1","Class: 2","Class: 3","Class: 4","Class: 5","Class: 6","Class: 7"
"Sensitivity",0.723958333333333,0.632075471698113,0.635593220338983,0.957446808510638,0.895238095238095,0.776824034334764,0.955445544554455
"Specificity",0.962349397590361,0.966360856269113,0.956386292834891,0.978988326848249,0.968702290076336,0.941724941724942,0.987101669195751
"Pos Pred Value",0.735449735449735,0.752808988764045,0.728155339805825,0.892857142857143,0.820960698689956,0.70703125,0.919047619047619
"Neg Pred Value",0.960180315552216,0.941877794336811,0.93455098934551,0.99211356466877,0.98295894655306,0.958860759493671,0.993129770992366
"Prevalence",0.126315789473684,0.139473684210526,0.155263157894737,0.154605263157895,0.138157894736842,0.153289473684211,0.132894736842105
"Detection Rate",0.0914473684210526,0.0881578947368421,0.0986842105263158,0.148026315789474,0.123684210526316,0.119078947368421,0.126973684210526
"Detection Prevalence",0.124342105263158,0.117105263157895,0.135526315789474,0.165789473684211,0.150657894736842,0.168421052631579,0.138157894736842
"Balanced Accuracy",0.843153865461847,0.799218163983613,0.795989756586937,0.968217567679444,0.931970192657216,0.859274488029853,0.971273606875103
