"","Class: 1","Class: 2","Class: 3","Class: 4","Class: 5","Class: 6","Class: 7"
"Sensitivity",0.802083333333333,0.712264150943396,0.707627118644068,0.936170212765957,0.928571428571429,0.828326180257511,0.935643564356436
"Specificity",0.966867469879518,0.948012232415902,0.968847352024922,0.987548638132296,0.982442748091603,0.958818958818959,0.994688922610015
"Pos Pred Value",0.777777777777778,0.689497716894977,0.806763285024155,0.932203389830509,0.894495412844037,0.784552845528455,0.964285714285714
"Neg Pred Value",0.97125567322239,0.953112990007686,0.947448591012947,0.988317757009346,0.988479262672811,0.968602825745683,0.990181268882175
"Prevalence",0.126315789473684,0.139473684210526,0.155263157894737,0.154605263157895,0.138157894736842,0.153289473684211,0.132894736842105
"Detection Rate",0.101315789473684,0.0993421052631579,0.109868421052632,0.144736842105263,0.128289473684211,0.126973684210526,0.124342105263158
"Detection Prevalence",0.130263157894737,0.144078947368421,0.136184210526316,0.155263157894737,0.143421052631579,0.161842105263158,0.128947368421053
"Balanced Accuracy",0.884475401606426,0.830138191679649,0.838237235334495,0.961859425449127,0.955507088331516,0.893572569538235,0.965166243483225
