"","Class: C1","Class: C2","Class: C3","Class: C4","Class: C5","Class: C6","Class: C7"
"Sensitivity",0.777292576419214,0.681592039800995,0.878923766816143,0.961165048543689,0.96137339055794,0.915094339622642,0.980769230769231
"Specificity",0.966484801247077,0.97025171624714,0.983708301008534,0.989280245022971,0.981235340109461,0.98,0.989263803680982
"Pos Pred Value",0.805429864253394,0.778409090909091,0.903225806451613,0.933962264150943,0.903225806451613,0.881818181818182,0.935779816513761
"Neg Pred Value",0.960495739736638,0.952095808383233,0.979150579150579,0.993846153846154,0.992879746835443,0.986068111455108,0.996908809891808
"Prevalence",0.151455026455026,0.132936507936508,0.147486772486772,0.136243386243386,0.154100529100529,0.14021164021164,0.137566137566138
"Detection Rate",0.117724867724868,0.0906084656084656,0.12962962962963,0.130952380952381,0.148148148148148,0.128306878306878,0.134920634920635
"Detection Prevalence",0.146164021164021,0.116402116402116,0.143518518518519,0.14021164021164,0.164021164021164,0.145502645502645,0.144179894179894
"Balanced Accuracy",0.871888688833146,0.825921878024067,0.931316033912339,0.97522264678333,0.9713043653337,0.947547169811321,0.985016517225106
