"","Class: C1","Class: C2","Class: C3","Class: C4","Class: C5","Class: C6","Class: C7"
"Sensitivity",0.790393013100437,0.671641791044776,0.878923766816143,0.956310679611651,0.948497854077253,0.905660377358491,0.980769230769231
"Specificity",0.966484801247077,0.971014492753623,0.982156710628394,0.989280245022971,0.978889757623143,0.979230769230769,0.989263803680982
"Pos Pred Value",0.808035714285714,0.780346820809248,0.894977168949772,0.933649289099526,0.891129032258065,0.876712328767123,0.935779816513761
"Neg Pred Value",0.962732919254658,0.950709484690067,0.979118329466357,0.993082244427364,0.990506329113924,0.984532095901005,0.996908809891808
"Prevalence",0.151455026455026,0.132936507936508,0.147486772486772,0.136243386243386,0.154100529100529,0.14021164021164,0.137566137566138
"Detection Rate",0.119708994708995,0.0892857142857143,0.12962962962963,0.130291005291005,0.146164021164021,0.126984126984127,0.134920634920635
"Detection Prevalence",0.148148148148148,0.114417989417989,0.14484126984127,0.139550264550265,0.164021164021164,0.14484126984127,0.144179894179894
"Balanced Accuracy",0.878438907173757,0.8213281418992,0.930540238722269,0.972795462317311,0.963693805850198,0.94244557329463,0.985016517225106
