"","Class: C1","Class: C2","Class: C3","Class: C4","Class: C5","Class: C6","Class: C7"
"Sensitivity",0.777292576419214,0.681592039800995,0.896860986547085,0.956310679611651,0.952789699570815,0.919811320754717,0.980769230769231
"Specificity",0.965705378020265,0.968726163234172,0.983708301008534,0.989280245022971,0.982017200938233,0.983076923076923,0.989263803680982
"Pos Pred Value",0.801801801801802,0.769662921348315,0.904977375565611,0.933649289099526,0.906122448979592,0.898617511520737,0.935779816513761
"Neg Pred Value",0.96046511627907,0.952023988005997,0.982184353214562,0.993082244427364,0.991318074191002,0.986872586872587,0.996908809891808
"Prevalence",0.151455026455026,0.132936507936508,0.147486772486772,0.136243386243386,0.154100529100529,0.14021164021164,0.137566137566138
"Detection Rate",0.117724867724868,0.0906084656084656,0.132275132275132,0.130291005291005,0.146825396825397,0.128968253968254,0.134920634920635
"Detection Prevalence",0.146825396825397,0.117724867724868,0.146164021164021,0.139550264550265,0.162037037037037,0.143518518518519,0.144179894179894
"Balanced Accuracy",0.871498977219739,0.825159101517584,0.94028464377781,0.972795462317311,0.967403450254524,0.95144412191582,0.985016517225106
