"","Class: C1","Class: C2","Class: C3","Class: C4","Class: C5","Class: C6","Class: C7"
"Sensitivity",0.781659388646288,0.671641791044776,0.89237668161435,0.951456310679612,0.957081545064378,0.915094339622642,0.975961538461538
"Specificity",0.964146531566641,0.971777269260107,0.982156710628394,0.990811638591118,0.981235340109461,0.98,0.988496932515337
"Pos Pred Value",0.795555555555555,0.784883720930232,0.896396396396397,0.942307692307692,0.902834008097166,0.881818181818182,0.931192660550459
"Neg Pred Value",0.961149961149961,0.950746268656716,0.981395348837209,0.992331288343558,0.992094861660079,0.986068111455108,0.99613601236476
"Prevalence",0.151455026455026,0.132936507936508,0.147486772486772,0.136243386243386,0.154100529100529,0.14021164021164,0.137566137566138
"Detection Rate",0.118386243386243,0.0892857142857143,0.131613756613757,0.12962962962963,0.147486772486772,0.128306878306878,0.134259259259259
"Detection Prevalence",0.148809523809524,0.113756613756614,0.146825396825397,0.137566137566138,0.163359788359788,0.145502645502645,0.144179894179894
"Balanced Accuracy",0.872902960106464,0.821709530152442,0.937266696121372,0.971133974635365,0.969158442586919,0.947547169811321,0.982229235488438
