"","Class: C1","Class: C2","Class: C3","Class: C4","Class: C5","Class: C6","Class: C7"
"Sensitivity",0.764192139737991,0.73134328358209,0.883408071748879,0.961165048543689,0.965665236051502,0.905660377358491,0.985576923076923
"Specificity",0.973499610288387,0.971014492753623,0.981380915438324,0.989280245022971,0.983580922595778,0.98,0.987730061349693
"Pos Pred Value",0.837320574162679,0.794594594594594,0.891402714932127,0.933962264150943,0.914634146341464,0.880733944954128,0.927601809954751
"Neg Pred Value",0.958557175748273,0.959306706857573,0.97986057319907,0.993846153846154,0.993680884676145,0.984544049459042,0.997676219984508
"Prevalence",0.151455026455026,0.132936507936508,0.147486772486772,0.136243386243386,0.154100529100529,0.14021164021164,0.137566137566138
"Detection Rate",0.115740740740741,0.0972222222222222,0.130291005291005,0.130952380952381,0.148809523809524,0.126984126984127,0.135582010582011
"Detection Prevalence",0.138227513227513,0.122354497354497,0.146164021164021,0.14021164021164,0.162698412698413,0.144179894179894,0.146164021164021
"Balanced Accuracy",0.868845875013189,0.851178888167856,0.932394493593602,0.97522264678333,0.97462307932364,0.942830188679245,0.986653492213308
