"","Class: C1","Class: C2","Class: C3","Class: C4","Class: C5","Class: C6","Class: C7"
"Sensitivity",0.777292576419214,0.671641791044776,0.887892376681614,0.956310679611651,0.965665236051502,0.915094339622642,0.975961538461538
"Specificity",0.965705378020265,0.97025171624714,0.981380915438324,0.990045941807044,0.982799061767005,0.981538461538462,0.987730061349693
"Pos Pred Value",0.801801801801802,0.775862068965517,0.891891891891892,0.938095238095238,0.910931174089069,0.889908256880734,0.926940639269406
"Neg Pred Value",0.96046511627907,0.95067264573991,0.98062015503876,0.993087557603687,0.993675889328063,0.986089644513138,0.996133023975251
"Prevalence",0.151455026455026,0.132936507936508,0.147486772486772,0.136243386243386,0.154100529100529,0.14021164021164,0.137566137566138
"Detection Rate",0.117724867724868,0.0892857142857143,0.130952380952381,0.130291005291005,0.148809523809524,0.128306878306878,0.134259259259259
"Detection Prevalence",0.146825396825397,0.115079365079365,0.146825396825397,0.138888888888889,0.163359788359788,0.144179894179894,0.14484126984127
"Balanced Accuracy",0.871498977219739,0.820946753645958,0.934636646059969,0.973178310709347,0.974232148909254,0.948316400580552,0.981845799905616
