"","Class: C1","Class: C2","Class: C3","Class: C4","Class: C5","Class: C6","Class: C7"
"Sensitivity",0.975964225824483,0.972173913043478,0.881606765327696,0.971311475409836,0.709832134292566,0.95,0.808189655172414
"Specificity",0.965350523771152,0.952997095326116,0.997817027187934,0.998101746393318,0.998037291462218,0.992370892018779,0.998613312202853
"Pos Pred Value",0.9312,0.904043126684636,0.97429906542056,0.959514170040486,0.967320261437909,0.90692124105012,0.981675392670157
"Neg Pred Value",0.988177069012923,0.98687448728466,0.988985051140834,0.998670465337132,0.976757587399155,0.996073041429413,0.982651072124756
"Prevalence",0.324564586357039,0.312953555878084,0.0858127721335269,0.044267053701016,0.0756531204644412,0.0725689404934688,0.0841799709724238
"Detection Rate",0.316763425253991,0.304245283018868,0.0756531204644412,0.0429970972423803,0.0537010159651669,0.0689404934687954,0.068033381712627
"Detection Prevalence",0.340166908563135,0.336538461538462,0.0776487663280116,0.044811320754717,0.0555152394775036,0.0760159651669086,0.0693033381712627
"Balanced Accuracy",0.970657374797818,0.962585504184797,0.939711896257815,0.984706610901577,0.853934712877392,0.97118544600939,0.903401483687633
