"","Class: C1","Class: C2","Class: C3","Class: C4","Class: C5","Class: C6","Class: C7"
"Sensitivity",0.723618090452261,0.732057416267943,0.809090909090909,0.961352657004831,0.95067264573991,0.909871244635193,0.972850678733032
"Specificity",0.977913175932978,0.96392939370683,0.980650154798762,0.986973180076628,0.975174553917766,0.971071149335418,0.990704879938033
"Pos Pred Value",0.832369942196532,0.765,0.876847290640394,0.921296296296296,0.868852459016394,0.85140562248996,0.947136563876652
"Neg Pred Value",0.958924570575056,0.957317073170732,0.967914438502674,0.993827160493827,0.991324921135647,0.983372921615202,0.995330739299611
"Prevalence",0.131613756613757,0.138227513227513,0.145502645502645,0.136904761904762,0.147486772486772,0.154100529100529,0.146164021164021
"Detection Rate",0.0952380952380952,0.101190476190476,0.117724867724868,0.131613756613757,0.14021164021164,0.14021164021164,0.142195767195767
"Detection Prevalence",0.114417989417989,0.132275132275132,0.134259259259259,0.142857142857143,0.161375661375661,0.16468253968254,0.150132275132275
"Balanced Accuracy",0.85076563319262,0.847993404987387,0.894870531944835,0.97416291854073,0.962923599828838,0.940471196985306,0.981777779335532
