"","Class: C1","Class: C2","Class: C3","Class: C4","Class: C5","Class: C6","Class: C7"
"Sensitivity",0.77292576419214,0.706467661691542,0.883408071748879,0.961165048543689,0.96137339055794,0.900943396226415,0.990384615384615
"Specificity",0.97116134060795,0.971777269260107,0.981380915438324,0.990811638591118,0.980453479280688,0.978461538461538,0.989263803680982
"Pos Pred Value",0.827102803738318,0.793296089385475,0.891402714932127,0.942857142857143,0.899598393574297,0.872146118721461,0.936363636363636
"Neg Pred Value",0.959938366718028,0.955738934733683,0.97986057319907,0.993855606758833,0.992874109263658,0.983758700696056,0.998452012383901
"Prevalence",0.151455026455026,0.132936507936508,0.147486772486772,0.136243386243386,0.154100529100529,0.14021164021164,0.137566137566138
"Detection Rate",0.117063492063492,0.0939153439153439,0.130291005291005,0.130952380952381,0.148148148148148,0.126322751322751,0.136243386243386
"Detection Prevalence",0.141534391534392,0.118386243386243,0.146164021164021,0.138888888888889,0.16468253968254,0.14484126984127,0.145502645502645
"Balanced Accuracy",0.872043552400045,0.839122465475824,0.932394493593602,0.975988343567404,0.970913434919314,0.939702467343977,0.989824209532798
