"","Class: C1","Class: C2","Class: C3","Class: C4","Class: C5","Class: C6","Class: C7"
"Sensitivity",0.803493449781659,0.711442786069652,0.878923766816143,0.956310679611651,0.965665236051502,0.905660377358491,0.985576923076923
"Specificity",0.971940763834762,0.975591151792525,0.980605120248254,0.990045941807044,0.981235340109461,0.98,0.989263803680982
"Pos Pred Value",0.836363636363636,0.817142857142857,0.886877828054298,0.938095238095238,0.903614457831325,0.880733944954128,0.93607305936073
"Neg Pred Value",0.965170278637771,0.956619296933433,0.979085979860573,0.993087557603687,0.993665874901029,0.984544049459042,0.997679814385151
"Prevalence",0.151455026455026,0.132936507936508,0.147486772486772,0.136243386243386,0.154100529100529,0.14021164021164,0.137566137566138
"Detection Rate",0.121693121693122,0.0945767195767196,0.12962962962963,0.130291005291005,0.148809523809524,0.126984126984127,0.135582010582011
"Detection Prevalence",0.145502645502645,0.115740740740741,0.146164021164021,0.138888888888889,0.16468253968254,0.144179894179894,0.14484126984127
"Balanced Accuracy",0.887717106808211,0.843516968931088,0.929764443532199,0.973178310709347,0.973450288080481,0.942830188679245,0.987420363378952
