"","Class: C1","Class: C2","Class: C3","Class: C4","Class: C5","Class: C6","Class: C7"
"Sensitivity",0.768558951965066,0.701492537313433,0.878923766816143,0.956310679611651,0.969957081545064,0.910377358490566,0.990384615384615
"Specificity",0.970381917381138,0.971777269260107,0.981380915438324,0.990811638591118,0.981235340109461,0.98,0.987730061349693
"Pos Pred Value",0.822429906542056,0.792134831460674,0.890909090909091,0.942583732057416,0.904,0.881278538812785,0.927927927927928
"Neg Pred Value",0.959167950693374,0.955022488755622,0.979102167182663,0.993092862624712,0.99445324881141,0.985305491105955,0.998449612403101
"Prevalence",0.151455026455026,0.132936507936508,0.147486772486772,0.136243386243386,0.154100529100529,0.14021164021164,0.137566137566138
"Detection Rate",0.116402116402116,0.0932539682539683,0.12962962962963,0.130291005291005,0.149470899470899,0.127645502645503,0.136243386243386
"Detection Prevalence",0.141534391534392,0.117724867724868,0.145502645502645,0.138227513227513,0.165343915343915,0.14484126984127,0.146825396825397
"Balanced Accuracy",0.869470434673102,0.83663490328677,0.930152341127234,0.973561159101384,0.975596210827262,0.945188679245283,0.989057338367154
