"","Class: C1","Class: C2","Class: C3","Class: C4","Class: C5","Class: C6","Class: C7"
"Sensitivity",0.983789826718837,0.971594202898551,0.930232558139535,0.983606557377049,0.750599520383693,0.945,0.913793103448276
"Specificity",0.978780553317217,0.962239239503565,0.998610835483231,0.998101746393318,0.998429833169774,0.994131455399061,0.999207606973059
"Pos Pred Value",0.957041870581838,0.921385376580539,0.98434004474273,0.960000000000001,0.975077881619938,0.926470588235294,0.990654205607477
"Neg Pred Value",0.992104546692077,0.986731654481451,0.993484698914116,0.999239832763208,0.97996532460027,0.995689655172414,0.99213217938631
"Prevalence",0.324564586357039,0.312953555878084,0.0858127721335269,0.044267053701016,0.0756531204644412,0.0725689404934688,0.0841799709724238
"Detection Rate",0.319303338171263,0.304063860667634,0.0798258345428157,0.0435413642960813,0.0567851959361393,0.068577648766328,0.0769230769230769
"Detection Prevalence",0.333635703918723,0.330007256894049,0.0810957910014514,0.045355587808418,0.0582365747460087,0.0740203193033382,0.0776487663280116
"Balanced Accuracy",0.981285190018027,0.966916721201058,0.964421696811383,0.990854151885184,0.874514676776734,0.96956572769953,0.956500355210667
