"","Class: C1","Class: C2","Class: C3","Class: C4","Class: C5","Class: C6","Class: C7"
"Sensitivity",0.778894472361809,0.751196172248804,0.809090909090909,0.966183574879227,0.932735426008969,0.88412017167382,0.986425339366516
"Specificity",0.979436405178979,0.970069071373753,0.979102167182663,0.983908045977012,0.979053529868115,0.970289288506646,0.99147947327653
"Pos Pred Value",0.851648351648352,0.801020408163265,0.868292682926829,0.904977375565611,0.885106382978723,0.844262295081967,0.951965065502184
"Neg Pred Value",0.966917293233083,0.96048632218845,0.967865340474369,0.994577846630519,0.988253719655443,0.978706624605678,0.997661730319564
"Prevalence",0.131613756613757,0.138227513227513,0.145502645502645,0.136904761904762,0.147486772486772,0.154100529100529,0.146164021164021
"Detection Rate",0.102513227513228,0.103835978835979,0.117724867724868,0.132275132275132,0.137566137566138,0.136243386243386,0.144179894179894
"Detection Prevalence",0.12037037037037,0.12962962962963,0.135582010582011,0.146164021164021,0.15542328042328,0.161375661375661,0.151455026455026
"Balanced Accuracy",0.879165438770394,0.860632621811278,0.894096538136786,0.975045810428119,0.955894477938542,0.927204730090233,0.988952406321523
