"","Class: C1","Class: C2","Class: C3","Class: C4","Class: C5","Class: C6","Class: C7"
"Sensitivity",0.755458515283843,0.701492537313433,0.878923766816143,0.961165048543689,0.96137339055794,0.910377358490566,0.990384615384615
"Specificity",0.969602494154326,0.967200610221205,0.982932505818464,0.990045941807044,0.982017200938233,0.98,0.988496932515337
"Pos Pred Value",0.816037735849056,0.766304347826087,0.899082568807339,0.938388625592417,0.906882591093117,0.881278538812785,0.932126696832579
"Neg Pred Value",0.956923076923077,0.954819277108434,0.979134466769706,0.993850883935434,0.992885375494071,0.985305491105955,0.998450813323005
"Prevalence",0.151455026455026,0.132936507936508,0.147486772486772,0.136243386243386,0.154100529100529,0.14021164021164,0.137566137566138
"Detection Rate",0.114417989417989,0.0932539682539683,0.12962962962963,0.130952380952381,0.148148148148148,0.127645502645503,0.136243386243386
"Detection Prevalence",0.14021164021164,0.121693121693122,0.144179894179894,0.139550264550265,0.163359788359788,0.14484126984127,0.146164021164021
"Balanced Accuracy",0.862530504719084,0.834346573767319,0.930928136317304,0.975605495175367,0.971695295748086,0.945188679245283,0.989440773949976
