"","Class: C1","Class: C2","Class: C3","Class: C4","Class: C5","Class: C6","Class: C7"
"Sensitivity",0.986784140969163,0.98936170212766,0.911894273127753,0.983739837398374,0.898123324396783,0.973118279569892,0.950537634408602
"Specificity",0.989448051948052,0.978260869565217,0.999604586793199,0.998290922901633,0.99922163845106,0.995719844357977,0.99980186249257
"Pos Pred Value",0.978700163844894,0.956168831168831,0.995192307692307,0.964143426294821,0.988200589970501,0.942708333333333,0.997742663656885
"Neg Pred Value",0.993480032599837,0.994814410480349,0.992150706436421,0.999239688272192,0.992654165861202,0.99804992199688,0.995462615900572
"Prevalence",0.329462989840348,0.324020319303338,0.0823657474600871,0.0446298984034833,0.0676705370101597,0.067489114658926,0.0843613933236575
"Detection Rate",0.32510885341074,0.320573294629898,0.0751088534107402,0.0439042089985486,0.0607764876632801,0.0656748911465893,0.080188679245283
"Detection Prevalence",0.332184325108853,0.335268505079826,0.0754716981132075,0.0455370101596517,0.0615021770682148,0.06966618287373,0.0803701015965167
"Balanced Accuracy",0.988116096458608,0.983811285846439,0.955749429960476,0.991015380150004,0.948672481423922,0.984419061963935,0.975169748450586
