"","Class: C1","Class: C2","Class: C3","Class: C4","Class: C5","Class: C6","Class: C7"
"Sensitivity",0.77292576419214,0.691542288557214,0.883408071748879,0.956310679611651,0.965665236051502,0.915094339622642,0.985576923076923
"Specificity",0.968823070927514,0.971777269260107,0.982932505818464,0.989280245022971,0.979671618451916,0.981538461538462,0.988496932515337
"Pos Pred Value",0.815668202764977,0.789772727272727,0.899543378995434,0.933649289099526,0.896414342629482,0.889908256880734,0.931818181818182
"Neg Pred Value",0.95984555984556,0.953592814371257,0.979891724671307,0.993082244427364,0.993655828707375,0.986089644513138,0.997678018575851
"Prevalence",0.151455026455026,0.132936507936508,0.147486772486772,0.136243386243386,0.154100529100529,0.14021164021164,0.137566137566138
"Detection Rate",0.117063492063492,0.0919312169312169,0.130291005291005,0.130291005291005,0.148809523809524,0.128306878306878,0.135582010582011
"Detection Prevalence",0.143518518518519,0.116402116402116,0.14484126984127,0.139550264550265,0.166005291005291,0.144179894179894,0.145502645502645
"Balanced Accuracy",0.870874417559827,0.83165977890866,0.933170288783671,0.972795462317311,0.972668427251709,0.948316400580552,0.98703692779613
