"","Class: C1","Class: C2","Class: C3","Class: C4","Class: C5","Class: C6","Class: C7"
"Sensitivity",0.983230855226383,0.977971014492754,0.970401691331924,0.983606557377049,0.84652278177458,0.9625,0.950431034482759
"Specificity",0.98549556809025,0.975178241351994,0.998610835483231,0.998291571753986,0.998822374877331,0.996674491392801,0.999801901743265
"Pos Pred Value",0.970215113072256,0.94722066254913,0.984978540772532,0.963855421686746,0.983286908077994,0.95771144278607,0.997737556561086
"Neg Pred Value",0.991889699918897,0.989815062985795,0.99722552516845,0.999239977199316,0.987580050456045,0.99706457925636,0.995463510848126
"Prevalence",0.324564586357039,0.312953555878084,0.0858127721335269,0.044267053701016,0.0756531204644412,0.0725689404934688,0.0841799709724238
"Detection Rate",0.319121915820029,0.306059506531205,0.0832728592162554,0.0435413642960813,0.0640420899854862,0.0698476052249637,0.0800072568940493
"Detection Prevalence",0.328918722786647,0.32311320754717,0.0845428156748912,0.0451741654571843,0.0651306240928883,0.0729317851959361,0.080188679245283
"Balanced Accuracy",0.984363211658317,0.976574627922374,0.984506263407577,0.990949064565518,0.922672578325956,0.979587245696401,0.975116468113012
