"","Class: C1","Class: C2","Class: C3","Class: C4","Class: C5","Class: C6","Class: C7"
"Sensitivity",0.763819095477387,0.76555023923445,0.831818181818182,0.966183574879227,0.932735426008969,0.909871244635193,0.968325791855204
"Specificity",0.98019801980198,0.970069071373753,0.981424148606811,0.987739463601533,0.975950349107836,0.972634870992963,0.990704879938033
"Pos Pred Value",0.853932584269663,0.804020100502512,0.884057971014493,0.925925925925926,0.870292887029289,0.858299595141701,0.946902654867257
"Neg Pred Value",0.964767616191904,0.962680883472963,0.971647509578544,0.994598765432099,0.988216810683425,0.983399209486166,0.994556765163297
"Prevalence",0.131613756613757,0.138227513227513,0.145502645502645,0.136904761904762,0.147486772486772,0.154100529100529,0.146164021164021
"Detection Rate",0.100529100529101,0.105820105820106,0.121031746031746,0.132275132275132,0.137566137566138,0.14021164021164,0.141534391534392
"Detection Prevalence",0.117724867724868,0.131613756613757,0.136904761904762,0.142857142857143,0.158068783068783,0.163359788359788,0.149470899470899
"Balanced Accuracy",0.872008557639684,0.867809655304101,0.906621165212496,0.97696151924038,0.954342887558402,0.941253057814078,0.979515335896618
