"","Class: C1","Class: C2","Class: C3","Class: C4","Class: C5","Class: C6","Class: C7"
"Sensitivity",0.748743718592965,0.669856459330144,0.672727272727273,0.966183574879227,0.901345291479821,0.858369098712446,0.968325791855204
"Specificity",0.975628332063976,0.966231772831926,0.973684210526316,0.978544061302682,0.967416602017067,0.946833463643471,0.990704879938033
"Pos Pred Value",0.823204419889503,0.760869565217391,0.813186813186813,0.87719298245614,0.827160493827161,0.746268656716418,0.946902654867257
"Neg Pred Value",0.962434259954921,0.948042168674699,0.945864661654135,0.994548286604361,0.982663514578408,0.973472668810289,0.994556765163297
"Prevalence",0.131613756613757,0.138227513227513,0.145502645502645,0.136904761904762,0.147486772486772,0.154100529100529,0.146164021164021
"Detection Rate",0.0985449735449735,0.0925925925925926,0.0978835978835979,0.132275132275132,0.132936507936508,0.132275132275132,0.141534391534392
"Detection Prevalence",0.119708994708995,0.121693121693122,0.12037037037037,0.150793650793651,0.160714285714286,0.177248677248677,0.149470899470899
"Balanced Accuracy",0.86218602532847,0.818044116081035,0.823205741626794,0.972363818090955,0.934380946748444,0.902601281177959,0.979515335896618
