"","Class: C1","Class: C2","Class: C3","Class: C4","Class: C5","Class: C6","Class: C7"
"Sensitivity",0.733668341708543,0.755980861244019,0.827272727272727,0.961352657004831,0.95067264573991,0.909871244635193,0.972850678733032
"Specificity",0.979436405178979,0.965464313123561,0.980650154798762,0.990038314176245,0.977501939487975,0.971071149335418,0.990704879938033
"Pos Pred Value",0.84393063583815,0.778325123152709,0.879227053140097,0.938679245283019,0.879668049792531,0.85140562248996,0.947136563876652
"Neg Pred Value",0.960418222554145,0.961038961038961,0.97088122605364,0.993846153846154,0.991345397324941,0.983372921615202,0.995330739299611
"Prevalence",0.131613756613757,0.138227513227513,0.145502645502645,0.136904761904762,0.147486772486772,0.154100529100529,0.146164021164021
"Detection Rate",0.0965608465608466,0.104497354497354,0.12037037037037,0.131613756613757,0.14021164021164,0.14021164021164,0.142195767195767
"Detection Prevalence",0.114417989417989,0.134259259259259,0.136904761904762,0.14021164021164,0.159391534391534,0.16468253968254,0.150132275132275
"Balanced Accuracy",0.856552373443761,0.86072258718379,0.903961441035744,0.975695485590538,0.964087292613943,0.940471196985306,0.981777779335532
