"","Class: C1","Class: C2","Class: C3","Class: C4","Class: C5","Class: C6","Class: C7"
"Sensitivity",0.971916299559471,0.972004479283315,0.898678414096916,0.98780487804878,0.796246648793566,0.92741935483871,0.873118279569893
"Specificity",0.972402597402597,0.963768115942029,0.997034400948992,0.997151538169389,0.999027048063826,0.994163424124514,0.998018624925698
"Pos Pred Value",0.945366898768077,0.927846071619455,0.964539007092198,0.941860465116279,0.983443708609272,0.92,0.975961538461539
"Neg Pred Value",0.986008230452675,0.986267508926119,0.990960896050305,0.99942900647126,0.985412667946257,0.994744014015963,0.988422291993721
"Prevalence",0.329462989840348,0.324020319303338,0.0823657474600871,0.0446298984034833,0.0676705370101597,0.067489114658926,0.0843613933236575
"Detection Rate",0.320210449927431,0.314949201741655,0.0740203193033382,0.0440856313497823,0.0538824383164006,0.0625907111756168,0.0736574746008708
"Detection Prevalence",0.338715529753266,0.3394412191582,0.0767416545718432,0.0468069666182874,0.0547895500725689,0.068033381712627,0.0754716981132075
"Balanced Accuracy",0.972159448481034,0.967886297612672,0.947856407522954,0.992478208109084,0.897636848428696,0.960791389481612,0.935568452247796
