"","Class: C1","Class: C2","Class: C3","Class: C4","Class: C5","Class: C6","Class: C7"
"Sensitivity",0.790393013100437,0.686567164179104,0.887892376681614,0.956310679611651,0.965665236051502,0.915094339622642,0.985576923076923
"Specificity",0.967264224473889,0.973302822273074,0.982156710628394,0.989280245022971,0.982799061767005,0.981538461538462,0.989263803680982
"Pos Pred Value",0.811659192825112,0.797687861271676,0.895927601809955,0.933649289099526,0.910931174089069,0.889908256880734,0.93607305936073
"Neg Pred Value",0.962761830876649,0.952949962658701,0.980635166537568,0.993082244427364,0.993675889328063,0.986089644513138,0.997679814385151
"Prevalence",0.151455026455026,0.132936507936508,0.147486772486772,0.136243386243386,0.154100529100529,0.14021164021164,0.137566137566138
"Detection Rate",0.119708994708995,0.0912698412698413,0.130952380952381,0.130291005291005,0.148809523809524,0.128306878306878,0.135582010582011
"Detection Prevalence",0.147486772486772,0.114417989417989,0.146164021164021,0.139550264550265,0.163359788359788,0.144179894179894,0.14484126984127
"Balanced Accuracy",0.878828618787163,0.829934993226089,0.935024543655004,0.972795462317311,0.974232148909254,0.948316400580552,0.987420363378952
