"","Class: C1","Class: C2","Class: C3","Class: C4","Class: C5","Class: C6","Class: C7"
"Sensitivity",0.77292576419214,0.681592039800995,0.883408071748879,0.951456310679612,0.965665236051502,0.905660377358491,0.975961538461538
"Specificity",0.968043647700702,0.971777269260107,0.981380915438324,0.988514548238897,0.979671618451916,0.98,0.987730061349693
"Pos Pred Value",0.811926605504587,0.78735632183908,0.891402714932127,0.928909952606635,0.896414342629482,0.880733944954128,0.926940639269406
"Neg Pred Value",0.959814528593508,0.952167414050822,0.97986057319907,0.992313604919293,0.993655828707375,0.984544049459042,0.996133023975251
"Prevalence",0.151455026455026,0.132936507936508,0.147486772486772,0.136243386243386,0.154100529100529,0.14021164021164,0.137566137566138
"Detection Rate",0.117063492063492,0.0906084656084656,0.130291005291005,0.12962962962963,0.148809523809524,0.126984126984127,0.134259259259259
"Detection Prevalence",0.144179894179894,0.115079365079365,0.146164021164021,0.139550264550265,0.166005291005291,0.144179894179894,0.14484126984127
"Balanced Accuracy",0.870484705946421,0.826684654530551,0.932394493593602,0.969985429459254,0.972668427251709,0.942830188679245,0.981845799905616
