"","Class: C1","Class: C2","Class: C3","Class: C4","Class: C5","Class: C6","Class: C7"
"Sensitivity",0.763819095477387,0.770334928229665,0.827272727272727,0.966183574879227,0.937219730941704,0.888412017167382,0.968325791855204
"Specificity",0.979436405178979,0.968534151957022,0.979102167182663,0.986206896551724,0.977501939487975,0.973416731821736,0.99147947327653
"Pos Pred Value",0.849162011173185,0.797029702970297,0.870813397129187,0.91743119266055,0.878151260504202,0.858921161825726,0.951111111111111
"Neg Pred Value",0.964741185296324,0.963358778625954,0.970836531082118,0.994590417310665,0.989010989010989,0.979543666404406,0.994560994560995
"Prevalence",0.131613756613757,0.138227513227513,0.145502645502645,0.136904761904762,0.147486772486772,0.154100529100529,0.146164021164021
"Detection Rate",0.100529100529101,0.106481481481481,0.12037037037037,0.132275132275132,0.138227513227513,0.136904761904762,0.141534391534392
"Detection Prevalence",0.118386243386243,0.133597883597884,0.138227513227513,0.144179894179894,0.157407407407407,0.159391534391534,0.148809523809524
"Balanced Accuracy",0.871627750328183,0.869434540093344,0.903187447227695,0.976195235715476,0.95736083521484,0.930914374494559,0.979902632565867
