"","Class: C1","Class: C2","Class: C3","Class: C4","Class: C5","Class: C6","Class: C7"
"Sensitivity",0.733668341708543,0.746411483253589,0.822727272727273,0.961352657004831,0.94170403587444,0.909871244635193,0.968325791855204
"Specificity",0.979436405178979,0.96392939370683,0.982198142414861,0.988505747126437,0.975174553917766,0.971071149335418,0.989930286599535
"Pos Pred Value",0.84393063583815,0.768472906403941,0.887254901960784,0.929906542056075,0.867768595041322,0.85140562248996,0.942731277533039
"Neg Pred Value",0.960418222554145,0.959511077158136,0.970183486238532,0.993836671802774,0.989763779527559,0.983372921615202,0.994552529182879
"Prevalence",0.131613756613757,0.138227513227513,0.145502645502645,0.136904761904762,0.147486772486772,0.154100529100529,0.146164021164021
"Detection Rate",0.0965608465608466,0.103174603174603,0.119708994708995,0.131613756613757,0.138888888888889,0.14021164021164,0.141534391534392
"Detection Prevalence",0.114417989417989,0.134259259259259,0.134920634920635,0.141534391534392,0.16005291005291,0.16468253968254,0.150132275132275
"Balanced Accuracy",0.856552373443761,0.855170438480209,0.902462707571067,0.974929202065634,0.958439294896103,0.940471196985306,0.979128039227369
