"","Class: C1","Class: C2","Class: C3","Class: C4","Class: C5","Class: C6","Class: C7"
"Sensitivity",0.781659388646288,0.686567164179104,0.883408071748879,0.956310679611651,0.969957081545064,0.910377358490566,0.980769230769231
"Specificity",0.968043647700702,0.974828375286041,0.980605120248254,0.990811638591118,0.979671618451916,0.980769230769231,0.987730061349693
"Pos Pred Value",0.813636363636364,0.807017543859649,0.887387387387387,0.942583732057416,0.896825396825397,0.885321100917431,0.927272727272727
"Neg Pred Value",0.961300309597523,0.953020134228188,0.97984496124031,0.993092862624712,0.994444444444444,0.98531684698609,0.996904024767802
"Prevalence",0.151455026455026,0.132936507936508,0.147486772486772,0.136243386243386,0.154100529100529,0.14021164021164,0.137566137566138
"Detection Rate",0.118386243386243,0.0912698412698413,0.130291005291005,0.130291005291005,0.149470899470899,0.127645502645503,0.134920634920635
"Detection Prevalence",0.145502645502645,0.113095238095238,0.146825396825397,0.138227513227513,0.166666666666667,0.144179894179894,0.145502645502645
"Balanced Accuracy",0.874851518173495,0.830697769732573,0.932006595998567,0.973561159101384,0.97481434999849,0.945573294629898,0.984249646059462
