"","Class: C1","Class: C2","Class: C3","Class: C4","Class: C5","Class: C6","Class: C7"
"Sensitivity",0.977082168809391,0.966376811594203,0.900634249471459,0.975409836065574,0.705035971223022,0.925,0.851293103448276
"Specificity",0.968573730862208,0.95246897280169,0.996427862671165,0.997152619589977,0.998626104023552,0.993544600938967,0.999207606973059
"Pos Pred Value",0.937265415549598,0.902544667027612,0.959459459459459,0.940711462450593,0.976744186046511,0.918114143920595,0.989974937343359
"Neg Pred Value",0.988757883191664,0.984174624829468,0.990726124704025,0.998859098687963,0.976396085204375,0.994128009395185,0.986504987287307
"Prevalence",0.324564586357039,0.312953555878084,0.0858127721335269,0.044267053701016,0.0756531204644412,0.0725689404934688,0.0841799709724238
"Detection Rate",0.317126269956459,0.302431059506531,0.0772859216255443,0.0431785195936139,0.0533381712626996,0.0671262699564586,0.0716618287373004
"Detection Prevalence",0.338352685050798,0.335087082728592,0.0805515239477504,0.045899854862119,0.0546081277213353,0.0731132075471698,0.0723875181422351
"Balanced Accuracy",0.972827949835799,0.959422892197946,0.948531056071312,0.986281227827775,0.851831037623287,0.959272300469484,0.925250355210667
