"","Class: C1","Class: C2","Class: C3","Class: C4","Class: C5","Class: C6","Class: C7"
"Sensitivity",0.988986784140969,0.970324748040314,0.931718061674009,0.971544715447154,0.844504021447721,0.96505376344086,0.896774193548387
"Specificity",0.973484848484849,0.979066022544283,0.997627520759193,0.998480820357007,0.999027048063826,0.994747081712062,0.99960372498514
"Pos Pred Value",0.948257655755016,0.956929872998343,0.972413793103448,0.967611336032389,0.984375000000001,0.930051813471503,0.995226730310263
"Neg Pred Value",0.994472084024323,0.98567954606863,0.993894031908607,0.998670465337132,0.988828967642527,0.997463909481077,0.990575299430591
"Prevalence",0.329462989840348,0.324020319303338,0.0823657474600871,0.0446298984034833,0.0676705370101597,0.067489114658926,0.0843613933236575
"Detection Rate",0.325834542815675,0.314404934687954,0.0767416545718432,0.0433599419448476,0.0571480406386067,0.0651306240928883,0.0756531204644412
"Detection Prevalence",0.343613933236575,0.32855587808418,0.0789187227866473,0.044811320754717,0.058055152394775,0.0700290275761974,0.0760159651669086
"Balanced Accuracy",0.981235816312909,0.974695385292298,0.964672791216601,0.985012767902081,0.921765534755773,0.979900422576461,0.948188959266763
