"","Class: C1","Class: C2","Class: C3","Class: C4","Class: C5","Class: C6","Class: C7"
"Sensitivity",0.786026200873362,0.686567164179104,0.883408071748879,0.956310679611651,0.969957081545064,0.905660377358491,0.985576923076923
"Specificity",0.968043647700702,0.97025171624714,0.981380915438324,0.989280245022971,0.981235340109461,0.983076923076923,0.990030674846626
"Pos Pred Value",0.81447963800905,0.779661016949152,0.891402714932127,0.933649289099526,0.904,0.897196261682243,0.940366972477064
"Neg Pred Value",0.962044926413633,0.952808988764045,0.97986057319907,0.993082244427364,0.99445324881141,0.984591679506934,0.997681607418856
"Prevalence",0.151455026455026,0.132936507936508,0.147486772486772,0.136243386243386,0.154100529100529,0.14021164021164,0.137566137566138
"Detection Rate",0.119047619047619,0.0912698412698413,0.130291005291005,0.130291005291005,0.149470899470899,0.126984126984127,0.135582010582011
"Detection Prevalence",0.146164021164021,0.117063492063492,0.146164021164021,0.139550264550265,0.165343915343915,0.141534391534392,0.144179894179894
"Balanced Accuracy",0.877034924287032,0.828409440213122,0.932394493593602,0.972795462317311,0.975596210827262,0.944368650217707,0.987803798961775
