"","Class: C1","Class: C2","Class: C3","Class: C4","Class: C5","Class: C6","Class: C7"
"Sensitivity",0.723618090452261,0.751196172248804,0.836363636363636,0.961352657004831,0.94170403587444,0.901287553648069,0.968325791855204
"Specificity",0.979436405178979,0.96392939370683,0.979102167182663,0.989272030651341,0.975950349107836,0.971853010164191,0.990704879938033
"Pos Pred Value",0.842105263157895,0.769607843137255,0.872037914691943,0.934272300469483,0.871369294605809,0.853658536585366,0.946902654867257
"Neg Pred Value",0.958985831469053,0.960244648318043,0.972328977709454,0.993841416474211,0.989771833202203,0.981832543443918,0.994556765163297
"Prevalence",0.131613756613757,0.138227513227513,0.145502645502645,0.136904761904762,0.147486772486772,0.154100529100529,0.146164021164021
"Detection Rate",0.0952380952380952,0.103835978835979,0.121693121693122,0.131613756613757,0.138888888888889,0.138888888888889,0.141534391534392
"Detection Prevalence",0.113095238095238,0.134920634920635,0.139550264550265,0.140873015873016,0.159391534391534,0.162698412698413,0.149470899470899
"Balanced Accuracy",0.85152724781562,0.857562782977817,0.907732901773149,0.975312343828086,0.958827192491138,0.93657028190613,0.979515335896618
