"","Class: C1","Class: C2","Class: C3","Class: C4","Class: C5","Class: C6","Class: C7"
"Sensitivity",0.77292576419214,0.681592039800995,0.874439461883408,0.956310679611651,0.96137339055794,0.919811320754717,0.971153846153846
"Specificity",0.965705378020265,0.971014492753623,0.981380915438324,0.989280245022971,0.979671618451916,0.981538461538462,0.988496932515337
"Pos Pred Value",0.800904977375566,0.782857142857143,0.89041095890411,0.933649289099526,0.896,0.89041095890411,0.930875576036866
"Neg Pred Value",0.959721146398141,0.952131637995512,0.978344934261408,0.993082244427364,0.992868462757528,0.986852281515855,0.995366795366795
"Prevalence",0.151455026455026,0.132936507936508,0.147486772486772,0.136243386243386,0.154100529100529,0.14021164021164,0.137566137566138
"Detection Rate",0.117063492063492,0.0906084656084656,0.128968253968254,0.130291005291005,0.148148148148148,0.128968253968254,0.133597883597884
"Detection Prevalence",0.146164021164021,0.115740740740741,0.14484126984127,0.139550264550265,0.165343915343915,0.14484126984127,0.143518518518519
"Balanced Accuracy",0.869315571106202,0.826303266277309,0.927910188660866,0.972795462317311,0.970522504504928,0.950674891146589,0.979825389334592
