"","Class: C1","Class: C2","Class: C3","Class: C4","Class: C5","Class: C6","Class: C7"
"Sensitivity",0.977973568281938,0.968645016797312,0.894273127753304,0.959349593495935,0.766756032171582,0.93010752688172,0.750537634408602
"Specificity",0.957521645021645,0.966183574879227,0.99644128113879,0.997531333080137,0.997470324965947,0.991634241245136,0.997424212403408
"Pos Pred Value",0.918779099844801,0.932112068965517,0.957547169811321,0.947791164658635,0.956521739130435,0.889460154241646,0.964088397790055
"Neg Pred Value",0.988823693769209,0.984682713347921,0.990566037735849,0.99809994299829,0.983310953385766,0.994924848721452,0.97747572815534
"Prevalence",0.329462989840348,0.324020319303338,0.0823657474600871,0.0446298984034833,0.0676705370101597,0.067489114658926,0.0843613933236575
"Detection Rate",0.322206095791001,0.313860667634253,0.0736574746008708,0.0428156748911466,0.0518867924528302,0.0627721335268505,0.0633164005805515
"Detection Prevalence",0.350689404934688,0.336719883889695,0.0769230769230769,0.0451741654571843,0.0542452830188679,0.0705732946298984,0.0656748911465893
"Balanced Accuracy",0.967747606651792,0.96741429583827,0.945357204446047,0.978440463288036,0.882113178568764,0.960870884063428,0.873980923406005
