"","Class: C1","Class: C2","Class: C3","Class: C4","Class: C5","Class: C6","Class: C7"
"Sensitivity",0.790393013100437,0.686567164179104,0.89237668161435,0.956310679611651,0.957081545064378,0.905660377358491,0.985576923076923
"Specificity",0.968823070927514,0.971777269260107,0.980605120248254,0.989280245022971,0.981235340109461,0.983076923076923,0.988496932515337
"Pos Pred Value",0.819004524886878,0.788571428571428,0.888392857142857,0.933649289099526,0.902834008097166,0.897196261682243,0.931818181818182
"Neg Pred Value",0.96281951975213,0.952879581151832,0.981366459627329,0.993082244427364,0.992094861660079,0.984591679506934,0.997678018575851
"Prevalence",0.151455026455026,0.132936507936508,0.147486772486772,0.136243386243386,0.154100529100529,0.14021164021164,0.137566137566138
"Detection Rate",0.119708994708995,0.0912698412698413,0.131613756613757,0.130291005291005,0.147486772486772,0.126984126984127,0.135582010582011
"Detection Prevalence",0.146164021164021,0.115740740740741,0.148148148148148,0.139550264550265,0.163359788359788,0.141534391534392,0.145502645502645
"Balanced Accuracy",0.879608042013975,0.829172216719606,0.936490900931302,0.972795462317311,0.969158442586919,0.944368650217707,0.98703692779613
