"","Class: C1","Class: C2","Class: C3","Class: C4","Class: C5","Class: C6","Class: C7"
"Sensitivity",0.786026200873362,0.691542288557214,0.89237668161435,0.956310679611651,0.96137339055794,0.910377358490566,0.985576923076923
"Specificity",0.969602494154326,0.971014492753623,0.982156710628394,0.990811638591118,0.981235340109461,0.98,0.990030674846626
"Pos Pred Value",0.821917808219178,0.785310734463277,0.896396396396397,0.942583732057416,0.903225806451613,0.881278538812785,0.940366972477064
"Neg Pred Value",0.962103634957463,0.953558052434457,0.981395348837209,0.993092862624712,0.992879746835443,0.985305491105955,0.997681607418856
"Prevalence",0.151455026455026,0.132936507936508,0.147486772486772,0.136243386243386,0.154100529100529,0.14021164021164,0.137566137566138
"Detection Rate",0.119047619047619,0.0919312169312169,0.131613756613757,0.130291005291005,0.148148148148148,0.127645502645503,0.135582010582011
"Detection Prevalence",0.14484126984127,0.117063492063492,0.146825396825397,0.138227513227513,0.164021164021164,0.14484126984127,0.144179894179894
"Balanced Accuracy",0.877814347513844,0.831278390655419,0.937266696121372,0.973561159101384,0.9713043653337,0.945188679245283,0.987803798961775
