"","Class: C1","Class: C2","Class: C3","Class: C4","Class: C5","Class: C6","Class: C7"
"Sensitivity",0.781659388646288,0.671641791044776,0.887892376681614,0.951456310679612,0.969957081545064,0.915094339622642,0.980769230769231
"Specificity",0.965705378020265,0.973302822273074,0.982932505818464,0.990811638591118,0.979671618451916,0.980769230769231,0.987730061349693
"Pos Pred Value",0.802690582959641,0.794117647058823,0.9,0.942307692307692,0.896825396825397,0.885844748858447,0.927272727272727
"Neg Pred Value",0.961210240496509,0.950819672131148,0.980650154798762,0.992331288343558,0.994444444444444,0.986078886310905,0.996904024767802
"Prevalence",0.151455026455026,0.132936507936508,0.147486772486772,0.136243386243386,0.154100529100529,0.14021164021164,0.137566137566138
"Detection Rate",0.118386243386243,0.0892857142857143,0.130952380952381,0.12962962962963,0.149470899470899,0.128306878306878,0.134920634920635
"Detection Prevalence",0.147486772486772,0.112433862433862,0.145502645502645,0.137566137566138,0.166666666666667,0.14484126984127,0.145502645502645
"Balanced Accuracy",0.873682383333277,0.822472306658925,0.935412441250039,0.971133974635365,0.97481434999849,0.947931785195936,0.984249646059462
