"","Class: C1","Class: C2","Class: C3","Class: C4","Class: C5","Class: C6","Class: C7"
"Sensitivity",0.763819095477387,0.751196172248804,0.831818181818182,0.966183574879227,0.94170403587444,0.901287553648069,0.972850678733032
"Specificity",0.979436405178979,0.969301611665388,0.981424148606811,0.987739463601533,0.975950349107836,0.972634870992963,0.990704879938033
"Pos Pred Value",0.849162011173185,0.796954314720812,0.884057971014493,0.925925925925926,0.871369294605809,0.857142857142857,0.947136563876652
"Neg Pred Value",0.964741185296324,0.960456273764259,0.971647509578544,0.994598765432099,0.989771833202203,0.981846882399369,0.995330739299611
"Prevalence",0.131613756613757,0.138227513227513,0.145502645502645,0.136904761904762,0.147486772486772,0.154100529100529,0.146164021164021
"Detection Rate",0.100529100529101,0.103835978835979,0.121031746031746,0.132275132275132,0.138888888888889,0.138888888888889,0.142195767195767
"Detection Prevalence",0.118386243386243,0.130291005291005,0.136904761904762,0.142857142857143,0.159391534391534,0.162037037037037,0.150132275132275
"Balanced Accuracy",0.871627750328183,0.860248891957096,0.906621165212496,0.97696151924038,0.958827192491138,0.936961212320516,0.981777779335532
