"","Class: C1","Class: C2","Class: C3","Class: C4","Class: C5","Class: C6","Class: C7"
"Sensitivity",0.777292576419214,0.686567164179104,0.883408071748879,0.951456310679612,0.952789699570815,0.910377358490566,0.975961538461538
"Specificity",0.967264224473889,0.968726163234172,0.981380915438324,0.989280245022971,0.980453479280688,0.981538461538462,0.988496932515337
"Pos Pred Value",0.809090909090909,0.770949720670391,0.891402714932127,0.933333333333333,0.898785425101215,0.889400921658986,0.931192660550459
"Neg Pred Value",0.960526315789474,0.952738184546137,0.97986057319907,0.992319508448541,0.991304347826087,0.985328185328185,0.99613601236476
"Prevalence",0.151455026455026,0.132936507936508,0.147486772486772,0.136243386243386,0.154100529100529,0.14021164021164,0.137566137566138
"Detection Rate",0.117724867724868,0.0912698412698413,0.130291005291005,0.12962962962963,0.146825396825397,0.127645502645503,0.134259259259259
"Detection Prevalence",0.145502645502645,0.118386243386243,0.146164021164021,0.138888888888889,0.163359788359788,0.143518518518519,0.144179894179894
"Balanced Accuracy",0.872278400446552,0.827646663706638,0.932394493593602,0.970368277851291,0.966621589425752,0.945957910014514,0.982229235488438
