"","Class: C1","Class: C2","Class: C3","Class: C4","Class: C5","Class: C6","Class: C7"
"Sensitivity",0.981828193832599,0.968645016797312,0.907488986784141,0.967479674796748,0.742627345844504,0.922043010752688,0.744086021505376
"Specificity",0.954274891774892,0.959473966720344,0.997627520759193,0.998480820357007,0.998443276902121,0.993774319066148,0.99940558747771
"Pos Pred Value",0.913422131147541,0.919723551302499,0.971698113207547,0.967479674796749,0.971929824561405,0.914666666666667,0.991404011461319
"Neg Pred Value",0.990730337078652,0.984577251445883,0.991745283018868,0.998480820357007,0.981633824373445,0.994354681720849,0.976951384853767
"Prevalence",0.329462989840348,0.324020319303338,0.0823657474600871,0.0446298984034833,0.0676705370101597,0.067489114658926,0.0843613933236575
"Detection Rate",0.323476052249637,0.313860667634253,0.0747460087082729,0.0431785195936139,0.0502539912917271,0.0622278664731495,0.0627721335268505
"Detection Prevalence",0.354136429608128,0.341255442670537,0.0769230769230769,0.0446298984034833,0.0517053701015965,0.068033381712627,0.0633164005805515
"Balanced Accuracy",0.968051542803746,0.964059491758828,0.952558253771667,0.982980247576878,0.870535311373313,0.957908664909418,0.871745804491543
