"","Class: C1","Class: C2","Class: C3","Class: C4","Class: C5","Class: C6","Class: C7"
"Sensitivity",0.781659388646288,0.686567164179104,0.89237668161435,0.961165048543689,0.965665236051502,0.915094339622642,0.985576923076923
"Specificity",0.968043647700702,0.971777269260107,0.982932505818464,0.990045941807044,0.982017200938233,0.982307692307692,0.988496932515337
"Pos Pred Value",0.813636363636364,0.788571428571428,0.900452488687783,0.938388625592417,0.907258064516129,0.894009216589862,0.931818181818182
"Neg Pred Value",0.961300309597523,0.952879581151832,0.981409759876065,0.993850883935434,0.993670886075949,0.986100386100386,0.997678018575851
"Prevalence",0.151455026455026,0.132936507936508,0.147486772486772,0.136243386243386,0.154100529100529,0.14021164021164,0.137566137566138
"Detection Rate",0.118386243386243,0.0912698412698413,0.131613756613757,0.130952380952381,0.148809523809524,0.128306878306878,0.135582010582011
"Detection Prevalence",0.145502645502645,0.115740740740741,0.146164021164021,0.139550264550265,0.164021164021164,0.143518518518519,0.145502645502645
"Balanced Accuracy",0.874851518173495,0.829172216719606,0.937654593716407,0.975605495175367,0.973841218494867,0.948701015965167,0.98703692779613
