"","Class: C1","Class: C2","Class: C3","Class: C4","Class: C5","Class: C6","Class: C7"
"Sensitivity",0.688442211055276,0.588516746411483,0.604545454545454,0.966183574879227,0.852017937219731,0.742489270386266,0.941176470588235
"Specificity",0.968773800456969,0.959324635456638,0.960526315789474,0.966283524904215,0.95577967416602,0.933541829554339,0.986831913245546
"Pos Pred Value",0.769662921348315,0.698863636363636,0.722826086956522,0.819672131147541,0.769230769230769,0.670542635658915,0.924444444444444
"Neg Pred Value",0.95352323838081,0.93562874251497,0.934487951807229,0.994479495268139,0.973913043478261,0.952153110047847,0.98989898989899
"Prevalence",0.131613756613757,0.138227513227513,0.145502645502645,0.136904761904762,0.147486772486772,0.154100529100529,0.146164021164021
"Detection Rate",0.0906084656084656,0.0813492063492064,0.087962962962963,0.132275132275132,0.125661375661376,0.114417989417989,0.137566137566138
"Detection Prevalence",0.117724867724868,0.116402116402116,0.121693121693122,0.161375661375661,0.163359788359788,0.170634920634921,0.148809523809524
"Balanced Accuracy",0.828608005756123,0.773920690934061,0.782535885167464,0.966233549891721,0.903898805692876,0.838015549970303,0.964004191916891
