"","Class: C1","Class: C2","Class: C3","Class: C4","Class: C5","Class: C6","Class: C7"
"Sensitivity",0.768844221105528,0.760765550239234,0.827272727272727,0.966183574879227,0.932735426008969,0.896995708154506,0.968325791855204
"Specificity",0.977151561309977,0.968534151957022,0.979876160990712,0.986973180076628,0.979053529868115,0.972634870992963,0.99147947327653
"Pos Pred Value",0.836065573770492,0.795,0.875,0.921658986175115,0.885106382978723,0.856557377049181,0.951111111111111
"Neg Pred Value",0.965387509405568,0.961890243902439,0.970858895705522,0.994594594594595,0.988253719655443,0.981072555205047,0.994560994560995
"Prevalence",0.131613756613757,0.138227513227513,0.145502645502645,0.136904761904762,0.147486772486772,0.154100529100529,0.146164021164021
"Detection Rate",0.101190476190476,0.10515873015873,0.12037037037037,0.132275132275132,0.137566137566138,0.138227513227513,0.141534391534392
"Detection Prevalence",0.121031746031746,0.132275132275132,0.137566137566138,0.143518518518519,0.15542328042328,0.161375661375661,0.148809523809524
"Balanced Accuracy",0.872997891207752,0.864649851098128,0.90357444413172,0.976578377477928,0.955894477938542,0.934815289573735,0.979902632565867
