"","Class: C1","Class: C2","Class: C3","Class: C4","Class: C5","Class: C6","Class: C7"
"Sensitivity",0.995592286501377,0.983021077283372,0.967672413793103,1,0.978779840848806,0.983091787439614,0.984
"Specificity",0.990803354070868,0.995793901156677,0.999207606973059,0.997726411519515,0.999026290165531,0.999411533934876,0.999800478850758
"Pos Pred Value",0.981531776208582,0.990560471976401,0.991169977924945,0.951219512195123,0.986631016042781,0.992682926829269,0.997971602434077
"Neg Pred Value",0.997820757286843,0.992402410269845,0.997034987151611,1,0.998442973919813,0.998627989023912,0.998406056983463
"Prevalence",0.329281567489115,0.309869375907112,0.0841799709724238,0.0424528301886792,0.0683962264150943,0.0751088534107402,0.090711175616836
"Detection Rate",0.327830188679245,0.304608127721335,0.0814586357039187,0.0424528301886792,0.066944847605225,0.0738388969521045,0.0892597968069666
"Detection Prevalence",0.33399854862119,0.307510885341074,0.0821843251088534,0.0446298984034833,0.0678519593613933,0.0743831640058055,0.0894412191582003
"Balanced Accuracy",0.993197820286123,0.989407489220025,0.983440010383081,0.998863205759758,0.988903065507168,0.991251660687245,0.991900239425379
