"","Class: C1","Class: C2","Class: C3","Class: C4","Class: C5","Class: C6","Class: C7"
"Sensitivity",0.777292576419214,0.696517412935323,0.89237668161435,0.961165048543689,0.965665236051502,0.905660377358491,0.985576923076923
"Specificity",0.968823070927514,0.97254004576659,0.982932505818464,0.988514548238897,0.982017200938233,0.982307692307692,0.987730061349693
"Pos Pred Value",0.81651376146789,0.795454545454545,0.900452488687783,0.929577464788732,0.907258064516129,0.893023255813954,0.927601809954751
"Neg Pred Value",0.960587326120556,0.95434131736527,0.981409759876065,0.993841416474211,0.993670886075949,0.984579799537394,0.997676219984508
"Prevalence",0.151455026455026,0.132936507936508,0.147486772486772,0.136243386243386,0.154100529100529,0.14021164021164,0.137566137566138
"Detection Rate",0.117724867724868,0.0925925925925926,0.131613756613757,0.130952380952381,0.148809523809524,0.126984126984127,0.135582010582011
"Detection Prevalence",0.144179894179894,0.116402116402116,0.146164021164021,0.140873015873016,0.164021164021164,0.142195767195767,0.146164021164021
"Balanced Accuracy",0.873057823673364,0.834528729350957,0.937654593716407,0.974839798391293,0.973841218494867,0.943984034833091,0.986653492213308
