"","Class: C1","Class: C2","Class: C3","Class: C4","Class: C5","Class: C6","Class: C7"
"Sensitivity",0.992837465564738,0.981850117096019,0.974137931034483,1,0.960212201591512,0.98792270531401,0.97
"Specificity",0.988098458209359,0.992639327024185,0.999603803486529,0.998105342932929,0.999026290165531,0.999607689289918,1
"Pos Pred Value",0.976164680390032,0.983577712609971,0.995594713656388,0.959016393442624,0.986376021798365,0.995133819951338,1
"Neg Pred Value",0.99645390070922,0.991857105332283,0.997627520759193,1,0.997084548104956,0.999019800039208,0.997016112989855
"Prevalence",0.329281567489115,0.309869375907112,0.0841799709724238,0.0424528301886792,0.0683962264150943,0.0751088534107402,0.090711175616836
"Detection Rate",0.326923076923077,0.304245283018868,0.0820029027576197,0.0424528301886792,0.0656748911465893,0.0742017416545718,0.0879898403483309
"Detection Prevalence",0.334905660377358,0.309325108853411,0.0823657474600871,0.044267053701016,0.0665820029027576,0.0745645863570392,0.0879898403483309
"Balanced Accuracy",0.990467961887049,0.987244722060102,0.986870867260506,0.999052671466465,0.979619245878521,0.993765197301964,0.985
