"","Class: C1","Class: C2","Class: C3","Class: C4","Class: C5","Class: C6","Class: C7"
"Sensitivity",0.93138936535163,0.957845433255269,0.792607802874743,0.959821428571429,0.860892388451444,0.946135831381733,0.886194029850746
"Specificity",0.97129949508371,0.975026288117771,0.995621890547264,0.996217851739788,0.996686805690899,0.981317600786627,0.983520900321543
"Pos Pred Value",0.937823834196891,0.945118428653957,0.946078431372549,0.914893617021276,0.95072463768116,0.809619238476954,0.85278276481149
"Neg Pred Value",0.968211920529801,0.980957418672309,0.980211598746082,0.998294485503127,0.98974259725179,0.99541192898464,0.987689202825429
"Prevalence",0.317307692307692,0.309869375907112,0.0883526850507983,0.0406386066763425,0.069121915820029,0.0774673439767779,0.0972423802612482
"Detection Rate",0.295537010159652,0.296806966618287,0.0700290275761974,0.0390058055152395,0.0595065312046444,0.0732946298984035,0.0861756168359942
"Detection Prevalence",0.315130624092888,0.314042089985486,0.0740203193033382,0.0426342525399129,0.0625907111756168,0.0905297532656023,0.101052249637155
"Balanced Accuracy",0.95134443021767,0.96643586068652,0.894114846711003,0.978019640155608,0.928789597071171,0.96372671608418,0.934857465086145
