"","Class: C1","Class: C2","Class: C3","Class: C4","Class: C5","Class: C6","Class: C7"
"Sensitivity",0.978273299028016,0.973067915690866,0.930184804928131,0.973214285714286,0.784776902887139,0.934426229508197,0.791044776119403
"Specificity",0.959340951368589,0.964248159831756,0.997412935323383,0.997541603630862,0.999220424868447,0.995476892822026,0.9991961414791
"Pos Pred Value",0.917918454935622,0.924360400444939,0.972103004291845,0.943722943722943,0.986798679867986,0.945497630331754,0.990654205607476
"Neg Pred Value",0.989583333333333,0.987614431879375,0.993261989694808,0.998863851543268,0.984258014974083,0.994499017681729,0.977970102281668
"Prevalence",0.317307692307692,0.309869375907112,0.0883526850507983,0.0406386066763425,0.069121915820029,0.0774673439767779,0.0972423802612482
"Detection Rate",0.310413642960813,0.301523947750363,0.0821843251088534,0.0395500725689405,0.0542452830188679,0.0723875181422351,0.0769230769230769
"Detection Prevalence",0.338171262699565,0.326197387518142,0.0845428156748912,0.0419085631349782,0.0549709724238026,0.0765602322206096,0.0776487663280116
"Balanced Accuracy",0.968807125198302,0.968658037761311,0.963798870125757,0.985377944672574,0.891998663877793,0.964951561165111,0.895120458799251
