"","Class: C1","Class: C2","Class: C3","Class: C4","Class: C5","Class: C6","Class: C7"
"Sensitivity",0.99228650137741,0.986533957845433,0.963362068965517,1,0.962864721485411,0.98792270531401,0.98
"Specificity",0.99134433324317,0.991850683491062,0.999603803486529,0.997726411519515,0.999415774099318,0.999411533934876,1
"Pos Pred Value",0.982542280414621,0.981934731934732,0.99554565701559,0.951219512195123,0.991803278688524,0.992718446601942,1
"Neg Pred Value",0.996194618102745,0.993940990516333,0.996642306932649,1,0.997279440342013,0.999019607843137,0.998008761449622
"Prevalence",0.329281567489115,0.309869375907112,0.0841799709724238,0.0424528301886792,0.0683962264150943,0.0751088534107402,0.090711175616836
"Detection Rate",0.326741654571843,0.305696661828737,0.0810957910014514,0.0424528301886792,0.0658563134978229,0.0742017416545718,0.0888969521044993
"Detection Prevalence",0.332547169811321,0.311320754716981,0.0814586357039187,0.0446298984034833,0.066400580551524,0.0747460087082729,0.0888969521044993
"Balanced Accuracy",0.99181541731029,0.989192320668248,0.981482936226023,0.998863205759758,0.981140247792365,0.993667119624443,0.99
