"","Class: C1","Class: C2","Class: C3","Class: C4","Class: C5","Class: C6","Class: C7"
"Sensitivity",0.974271012006861,0.950234192037471,0.93429158110883,0.946428571428571,0.640419947506562,0.927400468384075,0.845149253731343
"Specificity",0.957480733457348,0.951629863301788,0.995422885572139,0.997730711043873,0.998635743519782,0.9960668633235,0.996181672025723
"Pos Pred Value",0.914163090128755,0.898173768677366,0.951882845188285,0.946428571428571,0.97211155378486,0.951923076923077,0.959745762711865
"Neg Pred Value",0.987664473684211,0.977058029689609,0.993643226062773,0.997730711043873,0.973959323322562,0.993916797488226,0.983531746031746
"Prevalence",0.317307692307692,0.309869375907112,0.0883526850507983,0.0406386066763425,0.069121915820029,0.0774673439767779,0.0972423802612482
"Detection Rate",0.309143686502177,0.29444847605225,0.0825471698113208,0.0384615384615385,0.044267053701016,0.0718432510885341,0.0821843251088534
"Detection Prevalence",0.338171262699565,0.327830188679245,0.0867198838896952,0.0406386066763425,0.0455370101596517,0.0754716981132075,0.0856313497822932
"Balanced Accuracy",0.965875872732104,0.950932027669629,0.964857233340484,0.972079641236222,0.819527845513172,0.961733665853788,0.920665462878533
