"","Class: C1","Class: C2","Class: C3","Class: C4","Class: C5","Class: C6","Class: C7"
"Sensitivity",0.99228650137741,0.984192037470726,0.961206896551724,1,0.936339522546419,0.985507246376812,0.972
"Specificity",0.989450906140114,0.989484752891693,0.999603803486529,0.997347480106101,0.999221032132425,0.999411533934876,0.999800478850758
"Pos Pred Value",0.978804347826087,0.976757699012202,0.995535714285714,0.943548387096773,0.988795518207283,0.992700729927008,0.997946611909651
"Neg Pred Value",0.996187363834423,0.992877868636244,0.996445497630332,1,0.995344325897187,0.99882376004705,0.997213930348259
"Prevalence",0.329281567489115,0.309869375907112,0.0841799709724238,0.0424528301886792,0.0683962264150943,0.0751088534107402,0.090711175616836
"Detection Rate",0.326741654571843,0.304970972423803,0.0809143686502177,0.0424528301886792,0.0640420899854862,0.0740203193033382,0.0881712626995646
"Detection Prevalence",0.333817126269956,0.312227866473149,0.081277213352685,0.0449927431059507,0.0647677793904209,0.0745645863570392,0.0883526850507983
"Balanced Accuracy",0.990868703758762,0.986838395181209,0.980405350019127,0.99867374005305,0.967780277339422,0.992459390155844,0.985900239425379
