"","Class: C1","Class: C2","Class: C3","Class: C4","Class: C5","Class: C6","Class: C7"
"Sensitivity",0.981703830760435,0.975409836065574,0.91170431211499,0.973214285714286,0.745406824146982,0.950819672131147,0.824626865671642
"Specificity",0.964921605102312,0.960567823343849,0.998208955223881,0.997352496217852,0.99883063730267,0.995870206489676,0.999397106109325
"Pos Pred Value",0.928610059491617,0.917400881057269,0.980132450331126,0.939655172413793,0.979310344827587,0.950819672131147,0.993258426966292
"Neg Pred Value",0.991263991263991,0.988636363636364,0.991500296501285,0.998863636363636,0.981424741478361,0.995870206489676,0.981448588908624
"Prevalence",0.317307692307692,0.309869375907112,0.0883526850507983,0.0406386066763425,0.069121915820029,0.0774673439767779,0.0972423802612482
"Detection Rate",0.311502177068215,0.302249637155298,0.0805515239477504,0.0395500725689405,0.0515239477503628,0.0736574746008708,0.080188679245283
"Detection Prevalence",0.33544992743106,0.329462989840348,0.0821843251088534,0.0420899854862119,0.0526124818577649,0.0774673439767779,0.080732946298984
"Balanced Accuracy",0.973312717931373,0.967988829704711,0.954956633669435,0.985283390966069,0.872118730724826,0.973344939310411,0.912011985890483
