"","Class: C1","Class: C2","Class: C3","Class: C4","Class: C5","Class: C6","Class: C7"
"Sensitivity",0.77292576419214,0.691542288557214,0.878923766816143,0.966019417475728,0.957081545064378,0.900943396226415,0.985576923076923
"Specificity",0.968823070927514,0.971777269260107,0.982932505818464,0.987748851454824,0.979671618451916,0.98,0.988496932515337
"Pos Pred Value",0.815668202764977,0.789772727272727,0.899082568807339,0.925581395348838,0.895582329317269,0.880184331797235,0.931818181818182
"Neg Pred Value",0.95984555984556,0.953592814371257,0.979134466769706,0.994602929838088,0.992082343626287,0.983783783783784,0.997678018575851
"Prevalence",0.151455026455026,0.132936507936508,0.147486772486772,0.136243386243386,0.154100529100529,0.14021164021164,0.137566137566138
"Detection Rate",0.117063492063492,0.0919312169312169,0.12962962962963,0.131613756613757,0.147486772486772,0.126322751322751,0.135582010582011
"Detection Prevalence",0.143518518518519,0.116402116402116,0.144179894179894,0.142195767195767,0.16468253968254,0.143518518518519,0.145502645502645
"Balanced Accuracy",0.870874417559827,0.83165977890866,0.930928136317304,0.976884134465276,0.968376581758147,0.940471698113208,0.98703692779613
