"","Class: C1","Class: C2","Class: C3","Class: C4","Class: C5","Class: C6","Class: C7"
"Sensitivity",0.77292576419214,0.716417910447761,0.887892376681614,0.956310679611651,0.96137339055794,0.905660377358491,0.980769230769231
"Specificity",0.97116134060795,0.97025171624714,0.980605120248254,0.990045941807044,0.982799061767005,0.980769230769231,0.988496932515337
"Pos Pred Value",0.827102803738318,0.786885245901639,0.887892376681614,0.938095238095238,0.910569105691057,0.88479262672811,0.931506849315069
"Neg Pred Value",0.959938366718028,0.957110609480813,0.980605120248255,0.993087557603687,0.992890995260663,0.984555984555984,0.996906419180201
"Prevalence",0.151455026455026,0.132936507936508,0.147486772486772,0.136243386243386,0.154100529100529,0.14021164021164,0.137566137566138
"Detection Rate",0.117063492063492,0.0952380952380952,0.130952380952381,0.130291005291005,0.148148148148148,0.126984126984127,0.134920634920635
"Detection Prevalence",0.141534391534392,0.121031746031746,0.147486772486772,0.138888888888889,0.162698412698413,0.143518518518519,0.14484126984127
"Balanced Accuracy",0.872043552400045,0.84333481334745,0.934248748464934,0.973178310709347,0.972086226162473,0.943214804063861,0.984633081642284
