"","Class: C1","Class: C2","Class: C3","Class: C4","Class: C5","Class: C6","Class: C7"
"Sensitivity",0.993939393939394,0.984777517564403,0.96551724137931,1,0.96551724137931,0.98792270531401,0.97
"Specificity",0.989180416553963,0.9931650893796,0.999603803486529,0.997915877226222,0.999221032132425,0.999411533934876,1
"Pos Pred Value",0.978308026030369,0.984777517564403,0.995555555555556,0.955102040816328,0.989130434782609,0.992718446601942,1
"Neg Pred Value",0.997001090512541,0.9931650893796,0.996839193994469,1,0.997472783825817,0.999019607843137,0.997016112989855
"Prevalence",0.329281567489115,0.309869375907112,0.0841799709724238,0.0424528301886792,0.0683962264150943,0.0751088534107402,0.090711175616836
"Detection Rate",0.327285921625544,0.305152394775036,0.081277213352685,0.0424528301886792,0.0660377358490566,0.0742017416545718,0.0879898403483309
"Detection Prevalence",0.334542815674891,0.309869375907112,0.0816400580551524,0.0444484760522496,0.0667634252539913,0.0747460087082729,0.0879898403483309
"Balanced Accuracy",0.991559905246678,0.988971303472002,0.98256052243292,0.998957938613111,0.982369136755867,0.993667119624443,0.985
