"","Class: C1","Class: C2","Class: C3","Class: C4","Class: C5","Class: C6","Class: C7"
"Sensitivity",0.992837465564738,0.983021077283372,0.969827586206897,0.991452991452991,0.957559681697613,0.985507246376812,0.966
"Specificity",0.988098458209359,0.992639327024185,0.999603803486529,0.998105342932929,0.998831548198637,0.998626912514712,1
"Pos Pred Value",0.976164680390032,0.983596953719977,0.995575221238938,0.958677685950414,0.983651226158039,0.983132530120483,1
"Neg Pred Value",0.99645390070922,0.992378449408673,0.997233201581028,0.999620493358634,0.996890184645287,0.998822836962919,0.996619606283555
"Prevalence",0.329281567489115,0.309869375907112,0.0841799709724238,0.0424528301886792,0.0683962264150943,0.0751088534107402,0.090711175616836
"Detection Rate",0.326923076923077,0.304608127721335,0.0816400580551524,0.0420899854862119,0.0654934687953556,0.0740203193033382,0.0876269956458636
"Detection Prevalence",0.334905660377358,0.309687953555878,0.0820029027576197,0.0439042089985486,0.0665820029027576,0.0752902757619739,0.0876269956458636
"Balanced Accuracy",0.990467961887049,0.987830202153779,0.984715694846713,0.99477916719296,0.978195614948125,0.992067079445762,0.983
