"","Class: C1","Class: C2","Class: C3","Class: C4","Class: C5","Class: C6","Class: C7"
"Sensitivity",0.991735537190083,0.983606557377049,0.959051724137931,0.995726495726496,0.952254641909814,0.983091787439614,0.98
"Specificity",0.990803354070868,0.990536277602524,0.999603803486529,0.997347480106101,0.999026290165531,0.999215378579835,0.999401436552275
"Pos Pred Value",0.981461286804798,0.979020979020979,0.995525727069351,0.943319838056679,0.986263736263736,0.990267639902676,0.993914807302231
"Neg Pred Value",0.995921696574225,0.992623814541623,0.996248766041461,0.999810066476733,0.996503496503497,0.998627720054891,0.998007571229328
"Prevalence",0.329281567489115,0.309869375907112,0.0841799709724238,0.0424528301886792,0.0683962264150943,0.0751088534107402,0.090711175616836
"Detection Rate",0.32656023222061,0.304789550072569,0.080732946298984,0.0422714078374456,0.0651306240928883,0.0738388969521045,0.0888969521044993
"Detection Prevalence",0.332728592162554,0.311320754716981,0.0810957910014514,0.044811320754717,0.0660377358490566,0.0745645863570392,0.0894412191582003
"Balanced Accuracy",0.991269445630475,0.987071417489786,0.97932776381223,0.996536987916298,0.975640466037673,0.991153583009724,0.989700718276137
