"","Class: C1","Class: C2","Class: C3","Class: C4","Class: C5","Class: C6","Class: C7"
"Sensitivity",0.77292576419214,0.701492537313433,0.878923766816143,0.956310679611651,0.965665236051502,0.905660377358491,0.980769230769231
"Specificity",0.970381917381138,0.971014492753623,0.980605120248254,0.990045941807044,0.980453479280688,0.98,0.988496932515337
"Pos Pred Value",0.823255813953489,0.787709497206704,0.886877828054298,0.938095238095238,0.9,0.880733944954128,0.931506849315069
"Neg Pred Value",0.959907478797224,0.954988747186797,0.979085979860573,0.993087557603687,0.993660855784469,0.984544049459042,0.996906419180201
"Prevalence",0.151455026455026,0.132936507936508,0.147486772486772,0.136243386243386,0.154100529100529,0.14021164021164,0.137566137566138
"Detection Rate",0.117063492063492,0.0932539682539683,0.12962962962963,0.130291005291005,0.148809523809524,0.126984126984127,0.134920634920635
"Detection Prevalence",0.142195767195767,0.118386243386243,0.146164021164021,0.138888888888889,0.165343915343915,0.144179894179894,0.14484126984127
"Balanced Accuracy",0.871653840786639,0.836253515033528,0.929764443532199,0.973178310709347,0.973059357666095,0.942830188679245,0.984633081642284
