"","Class: C1","Class: C2","Class: C3","Class: C4","Class: C5","Class: C6","Class: C7"
"Sensitivity",0.975414522584334,0.973653395784543,0.899383983572895,0.959821428571429,0.782152230971129,0.941451990632319,0.930970149253731
"Specificity",0.980600584639915,0.968454258675079,0.996616915422886,0.996406959152799,0.998440849736893,0.993706981317601,0.995578778135048
"Pos Pred Value",0.958965711073637,0.932697700504767,0.962637362637362,0.918803418803418,0.973856209150327,0.926267281105991,0.957773512476008
"Neg Pred Value",0.988481114385213,0.98793242156074,0.990310460747479,0.998294808639636,0.984056857472148,0.995076801890508,0.992586655980765
"Prevalence",0.317307692307692,0.309869375907112,0.0883526850507983,0.0406386066763425,0.069121915820029,0.0774673439767779,0.0972423802612482
"Detection Rate",0.309506531204644,0.301705370101597,0.0794629898403483,0.0390058055152395,0.0540638606676343,0.0729317851959361,0.0905297532656023
"Detection Prevalence",0.322750362844702,0.323476052249637,0.0825471698113208,0.0424528301886792,0.0555152394775036,0.0787373004354136,0.0945210449927431
"Balanced Accuracy",0.978007553612124,0.971053827229811,0.94800044949789,0.978114193862114,0.890296540354011,0.96757948597496,0.96327446369439
